1,aback
2,abase
3,abate
4,abaya
5,abbey
6,abbot
7,abets
8,abhor
9,abide
10,abode
11,abort
12,about
13,above
14,abuse
15,abuts
16,abyss
17,ached
18,aches
19,acids
20,acing
21,ackee
22,acorn
23,acres
24,acrid
25,acted
26,actin
27,actor
28,acute
29,adage
30,adapt
31,added
32,adder
33,addle
34,adept
35,adieu
36,adios
37,adits
38,adman
39,admin
40,admit
41,adobe
42,adobo
43,adopt
44,adore
45,adorn
46,adult
47,adzes
48,aegis
49,aeons
50,aerie
51,affix
52,afire
53,afoot
54,afore
55,after
56,again
57,agape
58,agate
59,agave
60,agent
61,aggro
62,agile
63,aging
64,aglow
65,agony
66,agora
67,agree
68,ahead
69,ahold
70,aided
71,aider
72,aides
73,ailed
74,aimed
75,aimer
76,aioli
77,aired
78,aisle
79,alarm
80,album
81,alder
82,aleph
83,alert
84,algae
85,algal
86,alias
87,alibi
88,alien
89,align
90,alike
91,alive
92,alkyd
93,alkyl
94,allay
95,alley
96,allot
97,allow
98,alloy
99,allyl
100,aloes
101,aloft
102,aloha
103,alone
104,along
105,aloof
106,aloud
107,alpha
108,altar
109,alter
110,altos
111,alums
112,amass
113,amaze
114,amber
115,ambit
116,amble
117,ambos
118,amend
119,amide
120,amine
121,amino
122,amiss
123,amity
124,amnio
125,among
126,amour
127,amped
128,ample
129,amply
130,amuse
131,ancho
132,angel
133,anger
134,angle
135,angry
136,angst
137,anima
138,anime
139,anion
140,anise
141,ankle
142,annas
143,annex
144,annoy
145,annul
146,anode
147,anole
148,antic
149,antis
150,antsy
151,anvil
152,aorta
153,apace
154,apart
155,aphid
156,apnea
157,apple
158,apply
159,apron
160,apses
161,apter
162,aptly
163,aquas
164,arbor
165,ardor
166,areal
167,areas
168,areca
169,arena
170,argon
171,argot
172,argue
173,argus
174,arias
175,arils
176,arise
177,armed
178,armor
179,aroma
180,arose
181,array
182,arrow
183,arses
184,arson
185,artsy
186,asana
187,ascot
188,ashen
189,ashes
190,aside
191,asked
192,asker
193,askew
194,aspen
195,aspic
196,assay
197,asses
198,asset
199,aster
200,astir
201,asura
202,atlas
203,atman
204,atoll
205,atoms
206,atone
207,atopy
208,attic
209,audio
210,audit
211,auger
212,aught
213,augur
214,aunts
215,aunty
216,aural
217,auras
218,autos
219,auxin
220,avail
221,avers
222,avert
223,avian
224,avoid
225,avows
226,await
227,awake
228,award
229,aware
230,awash
231,awful
232,awoke
233,axels
234,axial
235,axils
236,axing
237,axiom
238,axion
239,axles
240,axons
241,azide
242,azole
243,azure
244,babel
245,babes
246,babka
247,backs
248,bacon
249,baddy
250,badge
251,badly
252,bagel
253,baggy
254,bails
255,bairn
256,baits
257,baize
258,baked
259,baker
260,bakes
261,baldy
262,baled
263,baler
264,bales
265,balks
266,balky
267,balls
268,balms
269,balmy
270,balsa
271,banal
272,bands
273,bandy
274,banes
275,bangs
276,banjo
277,banks
278,barbs
279,bards
280,bared
281,barer
282,bares
283,barge
284,barks
285,barmy
286,barns
287,baron
288,barre
289,basal
290,based
291,baser
292,bases
293,basic
294,basil
295,basin
296,basis
297,basks
298,basso
299,bassy
300,baste
301,batch
302,bated
303,bathe
304,baths
305,batik
306,baton
307,batts
308,batty
309,bawdy
310,bawls
311,bayed
312,bayou
313,beach
314,beads
315,beady
316,beaks
317,beams
318,beamy
319,beans
320,beard
321,bears
322,beast
323,beats
324,beaus
325,beaut
326,beaux
327,bebop
328,becks
329,beech
330,beefs
331,beefy
332,beeps
333,beers
334,beery
335,beets
336,befit
337,began
338,beget
339,begin
340,begun
341,beige
342,being
343,belay
344,belch
345,belie
346,belle
347,bells
348,belly
349,below
350,belts
351,bench
352,bends
353,bendy
354,bento
355,bents
356,beret
357,bergs
358,berms
359,berry
360,berth
361,beryl
362,beset
363,bests
364,betas
365,betel
366,betta
367,bevel
368,bezel
369,bhaji
370,bible
371,bicep
372,biddy
373,bided
374,bides
375,bidet
376,bight
377,bigot
378,bijou
379,biked
380,biker
381,bikes
382,biles
383,bilge
384,bills
385,billy
386,bimbo
387,bindi
388,binds
389,binge
390,bingo
391,biome
392,biota
393,bipod
394,birch
395,birds
396,birth
397,bison
398,bitch
399,biter
400,bites
401,bitsy
402,bitty
403,black
404,blade
405,blame
406,bland
407,blank
408,blare
409,blase
410,blast
411,blaze
412,bleak
413,bleat
414,blebs
415,bleed
416,bleep
417,blend
418,bless
419,blimp
420,blind
421,bling
422,blini
423,blink
424,blips
425,bliss
426,blitz
427,bloat
428,blobs
429,block
430,blocs
431,blogs
432,bloke
433,blond
434,blood
435,bloom
436,bloop
437,blots
438,blown
439,blows
440,blued
441,blues
442,bluey
443,bluff
444,blunt
445,blurb
446,blurs
447,blurt
448,blush
449,board
450,boars
451,boast
452,boats
453,bobby
454,bocce
455,boche
456,boded
457,bodes
458,boffo
459,bogey
460,boggy
461,bogie
462,bogus
463,boils
464,bolas
465,boles
466,bolls
467,bolts
468,bolus
469,bombe
470,bombs
471,bonds
472,boned
473,boner
474,bones
475,boney
476,bongo
477,bongs
478,bonks
479,bonny
480,bonus
481,boobs
482,booby
483,booed
484,books
485,booms
486,boomy
487,boons
488,boors
489,boost
490,booth
491,boots
492,booty
493,booze
494,boozy
495,boppy
496,borax
497,bored
498,borer
499,bores
500,boric
501,borne
502,boron
503,bosom
504,boson
505,bossy
506,bosun
507,botch
508,bough
509,boule
510,bound
511,bouts
512,bowed
513,bowel
514,bower
515,bowls
516,boxed
517,boxer
518,boxes
519,boyar
520,boyos
521,bozos
522,brace
523,bract
524,brads
525,brags
526,braid
527,brain
528,brake
529,brand
530,brans
531,brash
532,brass
533,brats
534,brave
535,bravo
536,brawl
537,brawn
538,brays
539,braze
540,bread
541,break
542,bream
543,breed
544,brews
545,briar
546,bribe
547,brick
548,bride
549,brief
550,brier
551,brigs
552,brims
553,brine
554,bring
555,brink
556,briny
557,brisk
558,brits
559,broad
560,broch
561,broil
562,broke
563,brome
564,bronc
565,brood
566,brook
567,broom
568,broth
569,brown
570,brows
571,bruin
572,bruit
573,brunt
574,brush
575,brute
576,bubba
577,bucks
578,buddy
579,budge
580,buffs
581,buggy
582,bugle
583,build
584,built
585,bulbs
586,bulge
587,bulks
588,bulky
589,bulla
590,bulls
591,bully
592,bumps
593,bumpy
594,bunch
595,bunds
596,bundt
597,bunks
598,bunny
599,bunts
600,buoys
601,burbs
602,burgs
603,burka
604,burly
605,burns
606,burnt
607,burps
608,burqa
609,burro
610,burrs
611,bursa
612,burst
613,bused
614,buses
615,bushy
616,busts
617,busty
618,butch
619,butte
620,butts
621,buxom
622,buyer
623,buzzy
624,bylaw
625,byres
626,bytes
627,byway
628,cabal
629,cabby
630,caber
631,cabin
632,cable
633,cacao
634,cache
635,cacti
636,caddy
637,cadet
638,cadre
639,cafes
640,caged
641,cages
642,cagey
643,cairn
644,caked
645,cakes
646,cakey
647,calfs
648,calif
649,calla
650,calls
651,calms
652,calve
653,calyx
654,camel
655,cameo
656,campo
657,camps
658,campy
659,canal
660,candy
661,caned
662,canes
663,canid
664,canna
665,canny
666,canoe
667,canon
668,canto
669,caped
670,caper
671,capes
672,capon
673,capos
674,caput
675,carat
676,carbo
677,carbs
678,cards
679,cared
680,carer
681,cares
682,cargo
683,carob
684,carol
685,carom
686,carps
687,carry
688,carte
689,carts
690,carve
691,cased
692,cases
693,casks
694,caste
695,casts
696,catch
697,cater
698,catty
699,caulk
700,cause
701,caved
702,caver
703,caves
704,cavil
705,cease
706,cecal
707,cecum
708,cedar
709,ceded
710,cedes
711,ceili
712,celeb
713,cello
714,cells
715,celts
716,cents
717,chads
718,chafe
719,chaff
720,chain
721,chair
722,chalk
723,champ
724,chana
725,chant
726,chaos
727,chaps
728,chard
729,charm
730,chars
731,chart
732,chase
733,chasm
734,chats
735,cheap
736,cheat
737,check
738,cheek
739,cheep
740,cheer
741,chefs
742,chemo
743,chert
744,chess
745,chest
746,chews
747,chewy
748,chica
749,chick
750,chico
751,chide
752,chief
753,child
754,chile
755,chili
756,chill
757,chime
758,chimp
759,china
760,chine
761,ching
762,chino
763,chins
764,chips
765,chirp
766,chits
767,chive
768,chock
769,choir
770,choke
771,chomp
772,chops
773,chord
774,chore
775,chose
776,chows
777,chubs
778,chuck
779,chuff
780,chugs
781,chump
782,chums
783,chunk
784,churn
785,chute
786,cider
787,cigar
788,cinch
789,circa
790,cisco
791,cited
792,cites
793,civet
794,civic
795,civil
796,civvy
797,clack
798,clade
799,claim
800,clamp
801,clams
802,clang
803,clank
804,clans
805,claps
806,clash
807,clasp
808,class
809,clave
810,claws
811,clays
812,clean
813,clear
814,cleat
815,clefs
816,cleft
817,clerk
818,click
819,cliff
820,climb
821,clime
822,cline
823,cling
824,clink
825,clips
826,cloak
827,clock
828,clods
829,clogs
830,clomp
831,clone
832,close
833,cloth
834,clots
835,cloud
836,clout
837,clove
838,clown
839,clubs
840,cluck
841,clued
842,clues
843,clump
844,clung
845,clunk
846,coach
847,coals
848,coast
849,coati
850,coats
851,cobia
852,cobra
853,cocci
854,cocks
855,cocky
856,cocoa
857,codas
858,codec
859,coded
860,coder
861,codes
862,codex
863,codon
864,coeds
865,cohos
866,coifs
867,coils
868,coins
869,cokes
870,colas
871,colds
872,coles
873,colic
874,colin
875,colon
876,color
877,colts
878,comas
879,combo
880,combs
881,comer
882,comes
883,comet
884,comfy
885,comic
886,comma
887,commo
888,compo
889,comps
890,comte
891,conch
892,condo
893,coned
894,cones
895,conga
896,congo
897,conic
898,conks
899,cooed
900,cooks
901,cools
902,coops
903,coopt
904,coped
905,copes
906,copra
907,copse
908,coral
909,cords
910,cored
911,corer
912,cores
913,corgi
914,corks
915,corky
916,corms
917,corns
918,cornu
919,corny
920,corps
921,costs
922,cotta
923,couch
924,cough
925,could
926,count
927,coupe
928,coups
929,court
930,coven
931,cover
932,coves
933,covet
934,covey
935,cowed
936,cower
937,cowls
938,coyly
939,crabs
940,crack
941,craft
942,crags
943,cramp
944,crams
945,crane
946,crank
947,crape
948,craps
949,crash
950,crass
951,crate
952,crave
953,crawl
954,craws
955,craze
956,crazy
957,creak
958,cream
959,credo
960,creed
961,creek
962,creel
963,creep
964,creme
965,crepe
966,crept
967,cress
968,crest
969,crews
970,cribs
971,crick
972,cried
973,crier
974,cries
975,crime
976,crimp
977,crisp
978,crits
979,croak
980,crock
981,crocs
982,croft
983,crone
984,crony
985,crook
986,croon
987,crops
988,cross
989,croup
990,crowd
991,crown
992,crows
993,crude
994,cruel
995,cruet
996,crumb
997,cruse
998,crush
999,crust
1000,crypt
1001,cubby
1002,cubed
1003,cubes
1004,cubic
1005,cubit
1006,cuddy
1007,cuffs
1008,culls
1009,culpa
1010,cults
1011,cumin
1012,cupid
1013,cuppa
1014,curbs
1015,curds
1016,cured
1017,cures
1018,curia
1019,curio
1020,curls
1021,curly
1022,curry
1023,curse
1024,curve
1025,curvy
1026,cushy
1027,cusps
1028,cuter
1029,cutie
1030,cutis
1031,cutup
1032,cycad
1033,cycle
1034,cyclo
1035,cynic
1036,cysts
1037,czars
1038,dacha
1039,daddy
1040,dados
1041,daffy
1042,daily
1043,dairy
1044,daisy
1045,dales
1046,dames
1047,damns
1048,damps
1049,dance
1050,dandy
1051,dared
1052,dares
1053,darks
1054,darns
1055,darts
1056,dashi
1057,dated
1058,dater
1059,dates
1060,datum
1061,daubs
1062,daunt
1063,davit
1064,dawns
1065,dazed
1066,deals
1067,dealt
1068,deans
1069,dears
1070,deary
1071,death
1072,debit
1073,debts
1074,debug
1075,debut
1076,decaf
1077,decal
1078,decay
1079,decks
1080,decor
1081,decoy
1082,decry
1083,deeds
1084,deems
1085,deeps
1086,deers
1087,defer
1088,deify
1089,deign
1090,deism
1091,deist
1092,deity
1093,dekes
1094,delay
1095,delft
1096,delis
1097,dells
1098,delta
1099,delve
1100,demon
1101,demos
1102,demur
1103,denim
1104,dense
1105,dents
1106,depot
1107,depth
1108,derby
1109,desks
1110,deter
1111,detox
1112,deuce
1113,devil
1114,dewar
1115,dhikr
1116,dhows
1117,dials
1118,diary
1119,diced
1120,dices
1121,dicey
1122,dicky
1123,dicta
1124,diets
1125,digit
1126,diked
1127,dikes
1128,dills
1129,dilly
1130,dimer
1131,dimes
1132,dimly
1133,dinar
1134,dined
1135,diner
1136,dines
1137,dingo
1138,dings
1139,dingy
1140,dinks
1141,dinky
1142,dinos
1143,diode
1144,dippy
1145,direr
1146,dirge
1147,dirty
1148,disco
1149,discs
1150,dishy
1151,disks
1152,ditch
1153,ditsy
1154,ditto
1155,ditty
1156,ditzy
1157,divan
1158,divas
1159,dived
1160,diver
1161,dives
1162,divot
1163,divvy
1164,dizzy
1165,docks
1166,dodge
1167,dodgy
1168,dodos
1169,doers
1170,doffs
1171,doges
1172,doggy
1173,dogma
1174,doing
1175,doled
1176,doles
1177,dolls
1178,dolly
1179,dolor
1180,dolts
1181,domed
1182,domes
1183,donee
1184,dongs
1185,donna
1186,donor
1187,donut
1188,dooms
1189,doomy
1190,doors
1191,doozy
1192,doped
1193,dopes
1194,dopey
1195,dorks
1196,dorky
1197,dorms
1198,dosas
1199,dosed
1200,doses
1201,doted
1202,dotes
1203,dotty
1204,doubt
1205,dough
1206,doula
1207,douse
1208,doves
1209,dowdy
1210,dowel
1211,dower
1212,downs
1213,downy
1214,dowry
1215,dowse
1216,doyen
1217,dozed
1218,dozen
1219,dozer
1220,dozes
1221,drabs
1222,draft
1223,drags
1224,drain
1225,drake
1226,drama
1227,drams
1228,drank
1229,drape
1230,drawl
1231,drawn
1232,draws
1233,drays
1234,dread
1235,dream
1236,dreck
1237,dregs
1238,dress
1239,dribs
1240,dried
1241,drier
1242,dries
1243,drift
1244,drill
1245,drily
1246,drink
1247,drips
1248,drive
1249,droid
1250,droll
1251,drone
1252,drool
1253,droop
1254,drops
1255,dross
1256,drove
1257,drown
1258,drugs
1259,druid
1260,drums
1261,drunk
1262,drupe
1263,dryad
1264,dryer
1265,dryly
1266,duals
1267,ducal
1268,ducat
1269,duchy
1270,ducks
1271,ducky
1272,ducts
1273,dudes
1274,duels
1275,duets
1276,duffs
1277,dukes
1278,dulls
1279,dully
1280,dulse
1281,dumbo
1282,dummy
1283,dumps
1284,dumpy
1285,dunce
1286,dunes
1287,dunks
1288,duomo
1289,duped
1290,dupes
1291,dural
1292,durum
1293,dusks
1294,dusky
1295,dusts
1296,dusty
1297,dutch
1298,duvet
1299,dwarf
1300,dweeb
1301,dwell
1302,dwelt
1303,dyads
1304,dyers
1305,dying
1306,dykes
1307,eager
1308,eagle
1309,eared
1310,earls
1311,early
1312,earns
1313,earth
1314,eased
1315,easel
1316,easer
1317,eases
1318,eaten
1319,eater
1320,eaves
1321,ebbed
1322,ebony
1323,ebook
1324,echos
1325,eclat
1326,edema
1327,edged
1328,edger
1329,edges
1330,edict
1331,edify
1332,edits
1333,eejit
1334,eerie
1335,egged
1336,egret
1337,eider
1338,eidos
1339,eight
1340,eject
1341,ejido
1342,eland
1343,elbow
1344,elder
1345,elect
1346,elegy
1347,elide
1348,elite
1349,elope
1350,elude
1351,elute
1352,elven
1353,elves
1354,email
1355,embed
1356,ember
1357,emcee
1358,emery
1359,emirs
1360,emits
1361,emote
1362,empty
1363,enact
1364,ended
1365,endow
1366,enema
1367,enemy
1368,enjoy
1369,ennui
1370,enoki
1371,enrol
1372,ensue
1373,enter
1374,entry
1375,envoy
1376,eosin
1377,epics
1378,epoch
1379,epoxy
1380,equal
1381,equip
1382,erase
1383,erect
1384,ergot
1385,erode
1386,erred
1387,error
1388,erupt
1389,essay
1390,ether
1391,ethic
1392,ethos
1393,ethyl
1394,etude
1395,euros
1396,evade
1397,evens
1398,event
1399,every
1400,evict
1401,evils
1402,evoke
1403,ewers
1404,exact
1405,exalt
1406,exams
1407,excel
1408,execs
1409,exert
1410,exile
1411,exist
1412,exits
1413,expat
1414,expel
1415,expos
1416,extol
1417,extra
1418,exude
1419,exult
1420,exurb
1421,eying
1422,eyrie
1423,fable
1424,faced
1425,facer
1426,faces
1427,facet
1428,facia
1429,facts
1430,faded
1431,fader
1432,fades
1433,faery
1434,fails
1435,faint
1436,fairs
1437,fairy
1438,faith
1439,faked
1440,faker
1441,fakes
1442,fakie
1443,fakir
1444,falls
1445,famed
1446,fancy
1447,fangs
1448,fanny
1449,farce
1450,fared
1451,fares
1452,farms
1453,farts
1454,fasts
1455,fatal
1456,fated
1457,fates
1458,fatso
1459,fatty
1460,fatwa
1461,fault
1462,fauna
1463,fauns
1464,favas
1465,faves
1466,favor
1467,fawns
1468,faxed
1469,faxes
1470,fazed
1471,fazes
1472,fears
1473,feast
1474,feats
1475,fecal
1476,feces
1477,feeds
1478,feels
1479,feign
1480,feint
1481,fella
1482,fells
1483,felon
1484,felts
1485,femme
1486,femur
1487,fence
1488,fends
1489,feral
1490,feria
1491,ferns
1492,ferny
1493,ferry
1494,fests
1495,fetal
1496,fetch
1497,feted
1498,fetes
1499,fetid
1500,fetus
1501,feuds
1502,fever
1503,fewer
1504,fiats
1505,fiber
1506,fibre
1507,fiche
1508,ficus
1509,fiefs
1510,field
1511,fiend
1512,fiery
1513,fifes
1514,fifth
1515,fifty
1516,fight
1517,filch
1518,filed
1519,filer
1520,files
1521,filet
1522,fills
1523,filly
1524,films
1525,filmy
1526,filth
1527,final
1528,finca
1529,finch
1530,finds
1531,fined
1532,finer
1533,fines
1534,finis
1535,finks
1536,fiord
1537,fired
1538,fires
1539,firms
1540,first
1541,fishy
1542,fists
1543,fitly
1544,fiver
1545,fives
1546,fixed
1547,fixer
1548,fixes
1549,fizzy
1550,fjord
1551,flack
1552,flags
1553,flail
1554,flair
1555,flake
1556,flaky
1557,flame
1558,flank
1559,flans
1560,flaps
1561,flare
1562,flash
1563,flask
1564,flats
1565,flaws
1566,flays
1567,fleas
1568,fleck
1569,flees
1570,fleet
1571,flesh
1572,flick
1573,flier
1574,flies
1575,fling
1576,float
1577,flood
1578,floor
1579,flour
1580,flown
1581,flows
1582,fluid
1583,flyer
1584,focal
1585,focus
1586,folks
1587,fonts
1588,foods
1589,force
1590,forms
1591,forth
1592,forty
1593,forum
1594,found
1595,frame
1596,fraud
1597,fresh
1598,fried
1599,fries
1600,front
1601,frost
1602,fruit
1603,fuels
1604,fully
1605,funds
1606,funny
1607,gains
1608,games
1609,gamma
1610,gases
1611,gates
1612,gauge
1613,gears
1614,genes
1615,genre
1616,ghost
1617,giant
1618,gifts
1619,girls
1620,given
1621,gives
1622,gland
1623,glass
1624,globe
1625,glory
1626,gloss
1627,glove
1628,glued
1629,goals
1630,goats
1631,going
1632,goods
1633,grace
1634,grade
1635,grain
1636,grams
1637,grand
1638,grant
1639,grape
1640,graph
1641,grasp
1642,grass
1643,grave
1644,great
1645,greek
1646,green
1647,greet
1648,grief
1649,grill
1650,grind
1651,grips
1652,gross
1653,group
1654,grove
1655,grown
1656,grows
1657,guard
1658,guess
1659,guest
1660,guide
1661,guild
1662,guilt
1663,habit
1664,hairs
1665,halls
1666,hands
1667,handy
1668,hangs
1669,happy
1670,harsh
1671,hated
1672,hates
1673,haven
1674,hawks
1675,heads
1676,heard
1677,heart
1678,heavy
1679,hedge
1680,heels
1681,hello
1682,helps
1683,hence
1684,herbs
1685,highs
1686,hills
1687,hints
1688,hired
1689,hobby
1690,holds
1691,holes
1692,holly
1693,homes
1694,honey
1695,honor
1696,hooks
1697,hoped
1698,hopes
1699,horns
1700,horse
1701,hosts
1702,hotel
1703,hours
1704,house
1705,hover
1706,human
1707,humor
1708,hurts
1709,icons
1710,ideal
1711,ideas
1712,idiot
1713,image
1714,imply
1715,inbox
1716,incur
1717,index
1718,indie
1719,inner
1720,input
1721,intro
1722,issue
1723,items
1724,jeans
1725,jelly
1726,jewel
1727,joins
1728,joint
1729,jokes
1730,judge
1731,juice
1732,juicy
1733,jumps
1734,keeps
1735,kicks
1736,kills
1737,kinda
1738,kinds
1739,kings
1740,knees
1741,knife
1742,knock
1743,knots
1744,known
1745,knows
1746,label
1747,labor
1748,lacks
1749,lakes
1750,lamps
1751,lands
1752,lanes
1753,large
1754,laser
1755,lasts
1756,later
1757,laugh
1758,layer
1759,leads
1760,leaks
1761,learn
1762,lease
1763,least
1764,leave
1765,legal
1766,lemon
1767,level
1768,lever
1769,light
1770,liked
1771,likes
1772,limbs
1773,limit
1774,lined
1775,linen
1776,liner
1777,lines
1778,links
1779,lions
1780,lists
1781,lived
1782,liver
1783,lives
1784,loads
1785,loans
1786,lobby
1787,local
1788,locks
1789,lodge
1790,logic
1791,logos
1792,looks
1793,loops
1794,loose
1795,lords
1796,loses
1797,loved
1798,lover
1799,loves
1800,lower
1801,loyal
1802,lucky
1803,lunar
1804,lunch
1805,lungs
1806,lying
1807,macro
1808,magic
1809,major
1810,maker
1811,makes
1812,males
1813,maple
1814,march
1815,marks
1816,marry
1817,masks
1818,match
1819,mates
1820,maths
1821,matte
1822,maybe
1823,mayor
1824,meals
1825,means
1826,meant
1827,meats
1828,medal
1829,media
1830,meets
1831,melee
1832,menus
1833,mercy
1834,merge
1835,merit
1836,merry
1837,messy
1838,metal
1839,meter
1840,metro
1841,micro
1842,midst
1843,might
1844,miles
1845,minds
1846,mines
1847,minor
1848,minus
1849,mixed
1850,mixer
1851,mixes
1852,model
1853,modem
1854,modes
1855,moist
1856,money
1857,month
1858,moral
1859,motor
1860,mount
1861,mouse
1862,mouth
1863,moved
1864,moves
1865,movie
1866,music
1867,myths
1868,nails
1869,naked
1870,named
1871,names
1872,nasal
1873,nasty
1874,naval
1875,needs
1876,nerve
1877,never
1878,newer
1879,newly
1880,nexus
1881,nicer
1882,niche
1883,night
1884,ninja
1885,ninth
1886,noble
1887,nodes
1888,noise
1889,noisy
1890,norms
1891,north
1892,notch
1893,noted
1894,notes
1895,novel
1896,nurse
1897,nylon
1898,oasis
1899,occur
1900,ocean
1901,offer
1902,often
1903,older
1904,olive
1905,omega
1906,onion
1907,onset
1908,opens
1909,opera
1910,opted
1911,optic
1912,orbit
1913,order
1914,organ
1915,other
1916,ought
1917,ounce
1918,outer
1919,owned
1920,owner
1921,oxide
1922,packs
1923,pages
1924,pains
1925,paint
1926,pairs
1927,panel
1928,panic
1929,pants
1930,paper
1931,parks
1932,parts
1933,party
1934,pasta
1935,paste
1936,patch
1937,paths
1938,patio
1939,pause
1940,peace
1941,peach
1942,peaks
1943,pearl
1944,pedal
1945,peers
1946,penis
1947,penny
1948,perks
1949,pests
1950,petty
1951,phase
1952,phone
1953,photo
1954,piano
1955,picks
1956,piece
1957,piles
1958,pills
1959,pilot
1960,pinch
1961,pipes
1962,pitch
1963,pixel
1964,pizza
1965,place
1966,plain
1967,plane
1968,plans
1969,plant
1970,plate
1971,plays
1972,plaza
1973,plots
1974,plugs
1975,poems
1976,point
1977,poker
1978,polar
1979,poles
1980,polls
1981,pools
1982,porch
1983,pores
1984,ports
1985,posed
1986,poses
1987,posts
1988,pouch
1989,pound
1990,power
1991,press
1992,price
1993,pride
1994,prime
1995,print
1996,prior
1997,prize
1998,probe
1999,promo
2000,prone
2001,proof
2002,props
2003,proud
2004,prove
2005,proxy
2006,psalm
2007,pulls
2008,pulse
2009,pumps
2010,punch
2011,pupil
2012,puppy
2013,purse
2014,queen
2015,query
2016,quest
2017,queue
2018,quick
2019,quiet
2020,quilt
2021,quite
2022,quote
2023,races
2024,racks
2025,radar
2026,radio
2027,rails
2028,rainy
2029,raise
2030,rally
2031,ranch
2032,range
2033,ranks
2034,rapid
2035,rated
2036,rates
2037,ratio
2038,razor
2039,reach
2040,react
2041,reads
2042,ready
2043,realm
2044,rebel
2045,refer
2046,reign
2047,relax
2048,relay
2049,renal
2050,renew
2051,reply
2052,reset
2053,resin
2054,retro
2055,rider
2056,rides
2057,ridge
2058,rifle
2059,right
2060,rigid
2061,rings
2062,rinse
2063,risen
2064,rises
2065,risks
2066,risky
2067,rival
2068,river
2069,roads
2070,robot
2071,rocks
2072,rocky
2073,rogue
2074,roles
2075,rolls
2076,roman
2077,rooms
2078,roots
2079,ropes
2080,roses
2081,rough
2082,round
2083,route
2084,royal
2085,rugby
2086,ruins
2087,ruled
2088,ruler
2089,rules
2090,rural
2091,sadly
2092,safer
2093,salad
2094,sales
2095,salon
2096,sandy
2097,satin
2098,sauce
2099,saved
2100,saves
2101,scale
2102,scalp
2103,scans
2104,scare
2105,scarf
2106,scary
2107,scene
2108,scent
2109,scoop
2110,scope
2111,score
2112,scout
2113,scrap
2114,screw
2115,seals
2116,seams
2117,seats
2118,seeds
2119,seeks
2120,seems
2121,sells
2122,sends
2123,sense
2124,serum
2125,serve
2126,setup
2127,seven
2128,sewer
2129,shade
2130,shaft
2131,shake
2132,shall
2133,shame
2134,shape
2135,share
2136,shark
2137,sharp
2138,sheep
2139,sheer
2140,sheet
2141,shelf
2142,shell
2143,shift
2144,shine
2145,shiny
2146,ships
2147,shirt
2148,shock
2149,shoes
2150,shook
2151,shoot
2152,shops
2153,shore
2154,short
2155,shots
2156,shown
2157,shows
2158,sides
2159,siege
2160,sight
2161,sigma
2162,signs
2163,silly
2164,since
2165,sites
2166,sixth
2167,sized
2168,sizes
2169,skies
2170,skill
2171,skins
2172,skirt
2173,skull
2174,slate
2175,slave
2176,sleek
2177,sleep
2178,slept
2179,slice
2180,slide
2181,slope
2182,slots
2183,small
2184,smart
2185,smell
2186,smile
2187,smoke
2188,snack
2189,snake
2190,sneak
2191,socks
2192,soils
2193,solar
2194,solid
2195,solve
2196,songs
2197,sonic
2198,sorry
2199,sorts
2200,souls
2201,sound
2202,south
2203,space
2204,spare
2205,spark
2206,speak
2207,specs
2208,speed
2209,spell
2210,spend
2211,spent
2212,sperm
2213,spice
2214,spicy
2215,spike
2216,spine
2217,spite
2218,split
2219,spoke
2220,spoon
2221,sport
2222,spots
2223,spray
2224,spurs
2225,squad
2226,stack
2227,staff
2228,stage
2229,stain
2230,stake
2231,stamp
2232,stand
2233,stark
2234,stars
2235,start
2236,state
2237,stats
2238,stays
2239,steak
2240,steal
2241,steam
2242,steel
2243,steep
2244,steer
2245,stems
2246,steps
2247,stick
2248,stiff
2249,still
2250,stock
2251,stole
2252,stone
2253,stood
2254,stool
2255,stops
2256,store
2257,storm
2258,story
2259,stove
2260,strap
2261,straw
2262,strip
2263,stuck
2264,study
2265,stuff
2266,style
2267,sucks
2268,sugar
2269,suite
2270,suits
2271,sunny
2272,super
2273,surge
2274,sushi
2275,swear
2276,sweat
2277,sweet
2278,swept
2279,swift
2280,swing
2281,swiss
2282,sword
2283,syrup
2284,table
2285,taken
2286,takes
2287,tales
2288,talks
2289,tanks
2290,tapes
2291,tasks
2292,taste
2293,tasty
2294,taxes
2295,teach
2296,teams
2297,tears
2298,teens
2299,teeth
2300,tells
2301,tempo
2302,tends
2303,tenth
2304,tents
2305,terms
2306,tests
2307,texts
2308,thank
2309,theft
2310,their
2311,theme
2312,there
2313,these
2314,thick
2315,thief
2316,thigh
2317,thing
2318,think
2319,third
2320,those
2321,three
2322,threw
2323,throw
2324,thumb
2325,tiger
2326,tight
2327,tiles
2328,timer
2329,times
2330,tired
2331,tires
2332,title
2333,toast
2334,today
2335,token
2336,tones
2337,tools
2338,tooth
2339,topic
2340,torch
2341,total
2342,touch
2343,tough
2344,tours
2345,towel
2346,tower
2347,towns
2348,toxic
2349,trace
2350,track
2351,tract
2352,trade
2353,trail
2354,train
2355,trait
2356,trans
2357,traps
2358,trash
2359,treat
2360,trees
2361,trend
2362,trial
2363,tribe
2364,trick
2365,tried
2366,tries
2367,trips
2368,trout
2369,truck
2370,truly
2371,trump
2372,trunk
2373,trust
2374,truth
2375,tubes
2376,tumor
2377,tuned
2378,tunes
2379,turbo
2380,turns
2381,tutor
2382,tweet
2383,twice
2384,twins
2385,twist
2386,types
2387,tyres
2388,ultra
2389,uncle
2390,under
2391,union
2392,unite
2393,units
2394,unity
2395,until
2396,upper
2397,upset
2398,urban
2399,urged
2400,urine
2401,usage
2402,users
2403,using
2404,usual
2405,vague
2406,valid
2407,value
2408,valve
2409,vapor
2410,vault
2411,vegan
2412,veins
2413,vents
2414,venue
2415,verse
2416,video
2417,views
2418,villa
2419,vinyl
2420,viral
2421,virus
2422,visas
2423,visit
2424,vital
2425,vivid
2426,vocal
2427,vodka
2428,voice
2429,volts
2430,voted
2431,voter
2432,votes
2433,wages
2434,wagon
2435,waist
2436,walks
2437,walls
2438,wants
2439,warns
2440,waste
2441,watch
2442,water
2443,watts
2444,waves
2445,wears
2446,weeds
2447,weeks
2448,weigh
2449,weird
2450,wells
2451,welsh
2452,whale
2453,wheat
2454,wheel
2455,where
2456,which
2457,while
2458,white
2459,whole
2460,whose
2461,wider
2462,widow
2463,width
2464,winds
2465,wines
2466,wings
2467,wiped
2468,wired
2469,wires
2470,witch
2471,wives
2472,woman
2473,women
2474,woods
2475,words
2476,works
2477,world
2478,worms
2479,worry
2480,worse
2481,worst
2482,worth
2483,would
2484,wound
2485,wrath
2486,wrist
2487,write
2488,wrong
2489,wrote
2490,yacht
2491,yards
2492,years
2493,yeast
2494,yield
2495,young
2496,yours
2497,youth
2498,yummy
2499,zones
2500,looms
2501,loots,
2502,pokes,
2503,leans
2504,singe,
2505,prowl,
2506,punks,
2507,sands,
2508,scars,